Date,EOD/V - Open,EOD/V - Close
2010-02-16,85.23,85.88
2010-02-17,86.01,86.42
2010-02-18,86.0,86.96
2010-02-19,86.0,86.81
2010-02-22,87.05,86.91
2010-02-23,87.02,86.12
2010-02-24,86.22,85.63
2010-02-25,84.75,85.23
2010-02-26,85.58,85.28
2010-03-01,85.5,86.82
2010-03-02,86.82,86.45
2010-03-03,86.6,86.8
2010-03-04,86.8,87.04
2010-03-05,87.4,88.51
2010-03-08,88.45,90.63
2010-03-09,90.25,90.15
2010-03-10,89.74,91.52
2010-03-11,90.97,92.74
2010-03-12,93.17,93.25
2010-03-15,92.87,92.41
2010-03-16,92.68,91.65
2010-03-17,92.12,91.51
2010-03-18,91.5,90.13
2010-03-19,90.52,88.84
2010-03-22,88.39,89.24
2010-03-23,89.5,89.98
2010-03-24,89.6,88.75
2010-03-25,89.68,90.41
2010-03-26,90.73,90.25
2010-03-29,90.57,90.24
2010-03-30,90.47,91.0
2010-03-31,90.7,91.03
2010-04-01,91.68,92.55
2010-04-05,93.05,92.47
2010-04-06,92.03,92.4
2010-04-07,92.5,90.71
2010-04-08,90.66,91.49
2010-04-09,91.94,92.52
2010-04-12,93.05,93.19
2010-04-13,93.41,92.79
2010-04-14,93.16,94.26
2010-04-15,94.355,94.45
2010-04-16,94.08,93.85
2010-04-19,93.2,93.12
2010-04-20,93.65,94.05
2010-04-21,94.35,93.13
2010-04-22,92.82,95.14
2010-04-23,96.2,96.59
2010-04-26,97.03,96.0
2010-04-27,95.95,92.95
2010-04-28,93.72,93.61
2010-04-29,93.77,92.82
2010-04-30,93.28,90.23
2010-05-03,90.55,89.27
2010-05-04,89.34,88.37
2010-05-05,86.76,86.43
2010-05-06,85.85,82.92
2010-05-07,83.06,82.29
2010-05-10,86.25,85.99
2010-05-11,85.13,84.16
2010-05-12,85.04,85.68
2010-05-13,85.88,85.73
2010-05-14,78.67,77.26
2010-05-17,78.77,74.71
2010-05-18,75.08,70.09
2010-05-19,70.71,72.97
2010-05-20,72.0,72.82
2010-05-21,72.01,74.2
2010-05-24,75.44,74.55
2010-05-25,73.06,72.97
2010-05-26,74.14,73.4
2010-05-27,75.0,73.69
2010-05-28,73.37,72.46
2010-06-01,72.49,71.49
2010-06-02,71.46,71.25
2010-06-03,71.93,72.84
2010-06-04,71.05,72.13
2010-06-07,72.0,71.89
2010-06-08,72.11,73.35
2010-06-09,74.12,73.8
2010-06-10,75.63,77.45
2010-06-11,76.51,76.08
2010-06-14,76.95,73.78
2010-06-15,74.47,76.93
2010-06-16,76.18,77.17
2010-06-17,77.81,78.24
2010-06-18,78.51,77.04
2010-06-21,77.96,80.9
2010-06-22,81.0,78.76
2010-06-23,78.96,77.76
2010-06-24,77.13,76.48
2010-06-25,77.03,76.66
2010-06-28,76.99,75.22
2010-06-29,74.28,71.45
2010-06-30,71.66,70.75
2010-07-01,71.0,72.86
2010-07-02,73.24,73.18
2010-07-06,73.83,72.27
2010-07-07,72.68,74.82
2010-07-08,75.5,75.08
2010-07-09,76.24,77.38
2010-07-12,75.99,76.51
2010-07-13,77.8,76.59
2010-07-14,76.57,76.28
2010-07-15,76.39,75.28
2010-07-16,73.6,71.45
2010-07-19,72.21,71.22
2010-07-20,70.71,73.6
2010-07-21,73.99,72.36
2010-07-22,73.15,74.46
2010-07-23,74.47,75.59
2010-07-26,75.69,76.08
2010-07-27,77.0,76.61
2010-07-28,76.15,75.18
2010-07-29,74.76,71.98
2010-07-30,71.59,73.35
2010-08-02,70.98,72.23
2010-08-03,71.63,73.0
2010-08-04,73.21,72.45
2010-08-05,72.13,71.5
2010-08-06,71.15,72.14
2010-08-09,73.12,74.74
2010-08-10,74.06,75.27
2010-08-11,74.0,73.51
2010-08-12,72.78,72.98
2010-08-13,72.94,72.22
2010-08-16,72.08,72.83
2010-08-17,73.45,73.36
2010-08-18,73.08,72.88
2010-08-19,72.42,71.63
2010-08-20,71.29,70.1
2010-08-23,70.55,70.12
2010-08-24,69.51,70.66
2010-08-25,70.31,70.86
2010-08-26,71.21,69.91
2010-08-27,70.39,71.11
2010-08-30,70.97,69.54
2010-08-31,69.54,68.98
2010-09-01,69.83,70.53
2010-09-02,70.98,71.98
2010-09-03,73.0,72.5
2010-09-07,71.87,71.5
2010-09-08,70.35,68.55
2010-09-09,68.78,66.78
2010-09-10,66.84,68.09
2010-09-13,68.0,65.48
2010-09-14,65.63,67.12
2010-09-15,67.72,68.93
2010-09-16,68.81,68.38
2010-09-17,68.77,68.49
2010-09-20,68.5,70.31
2010-09-21,70.45,69.94
2010-09-22,70.08,70.62
2010-09-23,70.07,70.98
2010-09-24,71.75,72.37
2010-09-27,72.77,73.0
2010-09-28,72.93,73.27
2010-09-29,73.01,74.41
2010-09-30,74.74,74.26
2010-10-01,74.74,73.32
2010-10-04,73.26,73.24
2010-10-05,74.12,74.99
2010-10-06,75.06,74.23
2010-10-07,74.28,73.61
2010-10-08,73.69,74.0
2010-10-11,73.85,74.29
2010-10-12,74.12,74.25
2010-10-13,74.71,76.94
2010-10-14,76.66,77.17
2010-10-15,77.76,77.6
2010-10-18,77.51,78.36
2010-10-19,77.61,77.55
2010-10-20,77.76,79.52
2010-10-21,79.45,79.2
2010-10-22,79.15,79.29
2010-10-25,80.01,80.63
2010-10-26,80.18,80.03
2010-10-27,80.29,79.92
2010-10-28,79.34,76.45
2010-10-29,76.4,78.16
2010-11-01,78.58,77.32
2010-11-02,78.16,78.42
2010-11-03,78.57,79.0
2010-11-04,79.71,79.99
2010-11-05,80.27,79.8
2010-11-08,79.4,78.71
2010-11-09,78.99,78.32
2010-11-10,78.5,79.29
2010-11-11,78.91,79.22
2010-11-12,78.57,76.94
2010-11-15,77.52,76.36
2010-11-16,75.56,74.99
2010-11-17,74.9,75.73
2010-11-18,76.27,76.94
2010-11-19,76.8,77.05
2010-11-22,76.67,75.46
2010-11-23,75.0,74.65
2010-11-24,75.51,75.82
2010-11-26,75.3,75.48
2010-11-29,75.23,74.19
2010-11-30,73.54,73.85
2010-12-01,74.94,75.22
2010-12-02,75.57,77.0
2010-12-03,76.73,77.35
2010-12-06,77.3,78.31
2010-12-07,78.99,76.88
2010-12-08,77.0,77.94
2010-12-09,78.15,79.12
2010-12-10,79.03,80.2
2010-12-13,80.3,80.89
2010-12-14,80.77,80.64
2010-12-15,80.19,76.94
2010-12-16,77.18,67.19
2010-12-17,68.3,66.9
2010-12-20,67.5,67.99
2010-12-21,68.68,68.05
2010-12-22,68.27,68.55
2010-12-23,68.33,68.73
2010-12-27,68.68,70.81
2010-12-28,71.36,70.73
2010-12-29,70.91,70.6
2010-12-30,70.72,70.29
2010-12-31,70.28,70.38
2011-01-03,70.4,70.52
2011-01-04,70.93,70.6
2011-01-05,70.84,72.09
2011-01-06,72.73,73.17
2011-01-07,73.44,72.96
2011-01-10,72.7,71.81
2011-01-11,72.05,71.88
2011-01-12,72.0,72.61
2011-01-13,73.13,71.14
2011-01-14,71.27,71.12
2011-01-18,71.27,71.21
2011-01-19,70.96,69.12
2011-01-20,68.69,70.69
2011-01-21,70.51,70.15
2011-01-24,70.23,71.79
2011-01-25,71.17,71.58
2011-01-26,71.9,71.0
2011-01-27,71.06,70.6
2011-01-28,70.8,69.46
2011-01-31,69.9,69.85
2011-02-01,70.21,70.7
2011-02-02,71.07,72.09
2011-02-03,71.73,71.63
2011-02-04,71.98,72.9
2011-02-07,72.98,73.93
2011-02-08,73.97,74.57
2011-02-09,73.78,73.28
2011-02-10,72.9,74.74
2011-02-11,74.6,74.93
2011-02-14,74.99,75.74
2011-02-15,75.71,75.61
2011-02-16,75.74,75.96
2011-02-17,75.75,76.14
2011-02-18,76.58,75.83
2011-02-22,74.34,73.74
2011-02-23,73.64,72.88
2011-02-24,72.66,73.91
2011-02-25,74.18,74.68
2011-02-28,74.86,73.05
2011-03-01,73.87,72.7
2011-03-02,72.58,73.97
2011-03-03,74.7,75.83
2011-03-04,75.86,74.69
2011-03-07,74.6,74.15
2011-03-08,74.45,74.17
2011-03-09,74.4,73.71
2011-03-10,73.32,71.4
2011-03-11,71.38,72.51
2011-03-14,71.9,71.86
2011-03-15,70.9,71.2
2011-03-16,71.42,70.96
2011-03-17,71.59,71.43
2011-03-18,72.12,71.42
2011-03-21,71.84,71.96
2011-03-22,71.8,71.6
2011-03-23,71.35,71.99
2011-03-24,72.22,72.66
2011-03-25,72.48,72.09
2011-03-28,72.39,72.75
2011-03-29,72.36,72.2
2011-03-30,73.94,74.23
2011-03-31,74.51,73.62
2011-04-01,73.99,74.22
2011-04-04,74.19,75.24
2011-04-05,75.18,75.62
2011-04-06,75.71,76.0
2011-04-07,76.11,76.41
2011-04-08,76.82,76.72
2011-04-11,76.8,77.71
2011-04-12,76.92,77.03
2011-04-13,77.36,77.5
2011-04-14,77.14,76.31
2011-04-15,76.47,76.47
2011-04-18,75.58,75.68
2011-04-19,75.49,75.92
2011-04-20,76.61,77.37
2011-04-21,77.36,77.77
2011-04-25,77.77,77.76
2011-04-26,77.8,78.77
2011-04-27,78.8,78.89
2011-04-28,78.84,77.66
2011-04-29,77.7,78.12
2011-05-02,78.46,79.14
2011-05-03,79.63,80.0
2011-05-04,79.85,79.77
2011-05-05,79.1,78.7
2011-05-06,78.5,79.41
2011-05-09,79.13,79.86
2011-05-10,79.97,80.35
2011-05-11,80.22,79.34
2011-05-12,79.09,79.93
2011-05-13,80.0,79.91
2011-05-16,79.15,79.94
2011-05-17,79.8,80.6
2011-05-18,80.43,80.01
2011-05-19,80.13,79.64
2011-05-20,79.34,78.23
2011-05-23,77.09,76.92
2011-05-24,77.01,77.6
2011-05-25,76.96,78.75
2011-05-26,78.57,79.29
2011-05-27,78.66,79.8
2011-05-31,80.02,81.06
2011-06-01,80.76,79.18
2011-06-02,79.19,80.7
2011-06-03,79.81,79.13
2011-06-06,79.0,78.2
2011-06-07,78.8,79.82
2011-06-08,78.69,76.71
2011-06-09,76.28,76.43
2011-06-10,76.21,74.69
2011-06-13,74.85,74.86
2011-06-14,75.11,75.93
2011-06-15,75.54,74.84
2011-06-16,74.8,74.88
2011-06-17,75.41,74.43
2011-06-20,74.28,74.05
2011-06-21,74.56,74.99
2011-06-22,74.94,74.66
2011-06-23,74.19,75.31
2011-06-24,75.31,73.37
2011-06-27,73.79,73.89
2011-06-28,74.28,75.28
2011-06-29,75.92,86.57
2011-06-30,86.13,84.26
2011-07-01,84.1,87.97
2011-07-05,86.96,88.32
2011-07-06,87.84,88.2
2011-07-07,88.2,90.15
2011-07-08,88.97,89.73
2011-07-11,88.61,87.9
2011-07-12,88.02,87.7
2011-07-13,88.14,88.74
2011-07-14,88.25,87.94
2011-07-15,88.69,88.75
2011-07-18,88.32,88.07
2011-07-19,88.49,89.21
2011-07-20,89.49,88.64
2011-07-21,89.05,88.05
2011-07-22,88.1,89.52
2011-07-25,88.64,89.08
2011-07-26,89.02,89.2
2011-07-27,88.32,87.75
2011-07-28,88.13,86.92
2011-07-29,85.84,85.54
2011-08-01,87.0,85.68
2011-08-02,85.0,83.56
2011-08-03,84.53,87.48
2011-08-04,86.77,84.99
2011-08-05,85.34,83.41
2011-08-08,80.18,79.24
2011-08-09,80.35,82.76
2011-08-10,81.285,79.28
2011-08-11,80.15,84.52
2011-08-12,85.11,83.83
2011-08-15,85.11,85.87
2011-08-16,85.0,85.83
2011-08-17,85.97,83.99
2011-08-18,81.51,80.29
2011-08-19,79.33,79.6
2011-08-22,81.23,79.79
2011-08-23,80.22,83.77
2011-08-24,83.6,86.38
2011-08-25,86.47,84.11
2011-08-26,83.51,85.85
2011-08-29,86.98,86.58
2011-08-30,86.62,87.93
2011-08-31,88.5,87.88
2011-09-01,87.72,87.73
2011-09-02,85.72,85.55
2011-09-06,83.25,85.86
2011-09-07,86.82,88.48
2011-09-08,87.76,87.46
2011-09-09,86.88,86.35
2011-09-12,85.95,87.45
2011-09-13,87.66,87.77
2011-09-14,88.23,89.58
2011-09-15,90.01,90.5
2011-09-16,90.62,90.85
2011-09-19,89.47,90.03
2011-09-20,90.4,92.84
2011-09-21,92.64,91.42
2011-09-22,88.74,88.3
2011-09-23,87.96,90.08
2011-09-26,90.99,90.28
2011-09-27,91.13,89.48
2011-09-28,89.8,87.63
2011-09-29,88.97,87.69
2011-09-30,86.22,85.72
2011-10-03,84.97,84.26
2011-10-04,83.04,84.78
2011-10-05,84.6,84.99
2011-10-06,84.88,87.13
2011-10-07,87.43,86.25
2011-10-10,87.79,89.25
2011-10-11,88.71,90.51
2011-10-12,90.98,91.17
2011-10-13,90.5,92.6
2011-10-14,93.42,93.92
2011-10-17,93.13,91.19
2011-10-18,91.11,93.91
2011-10-19,94.21,90.08
2011-10-20,90.8,91.35
2011-10-21,92.4937,93.43
2011-10-24,93.29,94.21
2011-10-25,93.5,90.68
2011-10-26,92.14,92.02
2011-10-27,91.0,94.4
2011-10-28,93.25,95.1
2011-10-31,94.28,93.26
2011-11-01,91.16,90.03
2011-11-02,93.04,91.5
2011-11-03,92.06,93.18
2011-11-04,92.33,92.64
2011-11-07,92.8,92.96
2011-11-08,93.43,94.54
2011-11-09,92.29,93.13
2011-11-10,94.35,93.04
2011-11-11,93.79,95.16
2011-11-14,94.61,93.82
2011-11-15,94.02,95.63
2011-11-16,94.55,93.4
2011-11-17,93.69,91.4
2011-11-18,91.52,90.81
2011-11-21,89.66,91.21
2011-11-22,90.95,90.84
2011-11-23,90.36,89.29
2011-11-25,89.04,89.02
2011-11-28,91.67,93.47
2011-11-29,93.47,92.9
2011-11-30,94.85,96.97
2011-12-01,95.92,97.76
2011-12-02,98.39,97.2
2011-12-05,98.28,96.06
2011-12-06,96.04,95.37
2011-12-07,95.27,97.07
2011-12-08,96.94,95.8
2011-12-09,96.63,97.19
2011-12-12,96.64,96.92
2011-12-13,97.44,95.91
2011-12-14,95.71,96.36
2011-12-15,97.32,95.82
2011-12-16,96.67,97.44
2011-12-19,97.51,98.58
2011-12-20,99.53,101.35
2011-12-21,101.11,100.72
2011-12-22,100.61,100.54
2011-12-23,100.93,102.48
2011-12-27,102.49,101.91
2011-12-28,101.69,100.72
2011-12-29,101.0,103.15
2011-12-30,103.17,101.53
2012-01-03,103.4,102.99
2012-01-04,101.69,101.15
2012-01-05,100.71,101.91
2012-01-06,101.96,100.71
2012-01-09,101.01,99.9
2012-01-10,100.87,99.8
2012-01-11,98.98,99.11
2012-01-12,99.38,101.34
2012-01-13,100.72,100.74
2012-01-17,101.3,102.53
2012-01-18,102.16,103.78
2012-01-19,104.16,102.37
2012-01-20,102.39,100.58
2012-01-23,100.75,99.6
2012-01-24,99.05,101.01
2012-01-25,100.61,100.56
2012-01-26,100.72,100.86
2012-01-27,100.41,101.05
2012-01-30,100.14,99.88
2012-01-31,100.49,100.64
2012-02-01,101.18,102.51
2012-02-02,103.78,106.06
2012-02-03,106.79,107.03
2012-02-06,106.94,107.36
2012-02-07,107.46,106.98
2012-02-08,107.77,108.35
2012-02-09,113.06,112.42
2012-02-10,111.79,113.9
2012-02-13,114.25,112.71
2012-02-14,112.11,115.24
2012-02-15,115.74,115.1
2012-02-16,115.46,113.8
2012-02-17,114.41,115.01
2012-02-21,115.26,114.2
2012-02-22,113.79,116.36
2012-02-23,116.36,116.48
2012-02-24,116.49,117.54
2012-02-27,117.07,116.86
2012-02-28,117.16,118.95
2012-02-29,119.02,116.37
2012-03-01,117.45,117.18
2012-03-02,116.51,116.16
2012-03-05,116.16,116.24
2012-03-06,115.22,114.84
2012-03-07,115.72,115.64
2012-03-08,116.68,117.97
2012-03-09,118.07,117.17
2012-03-12,117.02,116.53
2012-03-13,116.91,117.27
2012-03-14,117.31,116.75
2012-03-15,116.62,117.0
2012-03-16,117.43,116.68
2012-03-19,116.44,118.84
2012-03-20,118.15,116.52
2012-03-21,117.09,116.75
2012-03-22,116.15,117.28
2012-03-23,117.51,118.78
2012-03-26,119.36,120.06
2012-03-27,119.98,119.81
2012-03-28,119.68,119.35
2012-03-29,118.54,119.0
2012-03-30,119.09,118.0
2012-04-02,118.0,118.98
2012-04-03,118.84,120.36
2012-04-04,119.49,118.98
2012-04-05,118.32,121.01
2012-04-09,119.66,119.5
2012-04-10,119.48,116.74
2012-04-11,118.02,117.38
2012-04-12,117.47,121.02
2012-04-13,120.4,123.16
2012-04-16,123.04,120.83
2012-04-17,121.63,122.08
2012-04-18,121.61,121.78
2012-04-19,121.27,121.19
2012-04-20,121.82,121.01
2012-04-23,120.25,118.1
2012-04-24,118.35,118.93
2012-04-25,119.74,121.79
2012-04-26,121.89,123.19
2012-04-27,123.74,123.52
2012-04-30,124.11,122.98
2012-05-01,123.47,123.09
2012-05-02,121.61,122.19
2012-05-03,122.01,116.41
2012-05-04,116.22,117.79
2012-05-07,116.96,118.51
2012-05-08,118.27,118.14
2012-05-09,117.31,117.42
2012-05-10,118.3,118.17
2012-05-11,117.36,117.92
2012-05-14,116.83,116.72
2012-05-15,116.45,116.61
2012-05-16,116.99,117.53
2012-05-17,117.0,115.01
2012-05-18,114.85,112.64
2012-05-21,113.27,116.22
2012-05-22,116.41,118.39
2012-05-23,117.62,119.17
2012-05-24,119.72,119.77
2012-05-25,119.39,119.37
2012-05-29,120.15,120.28
2012-05-30,118.71,117.49
2012-05-31,117.75,115.2
2012-06-01,113.64,112.25
2012-06-04,112.03,114.16
2012-06-05,113.76,113.81
2012-06-06,114.97,116.34
2012-06-07,117.83,116.81
2012-06-08,116.39,116.58
2012-06-11,117.27,116.35
2012-06-12,116.41,117.16
2012-06-13,115.8,114.9
2012-06-14,115.26,116.49
2012-06-15,117.37,118.4
2012-06-18,118.01,120.1
2012-06-19,120.86,121.35
2012-06-20,121.1,122.59
2012-06-21,122.58,119.48
2012-06-22,120.25,124.95
2012-06-25,122.86,121.27
2012-06-26,121.76,123.16
2012-06-27,123.36,123.44
2012-06-28,123.0,121.52
2012-06-29,123.26,123.63
2012-07-02,124.26,126.62
2012-07-03,126.49,126.34
2012-07-05,125.74,127.01
2012-07-06,126.08,125.28
2012-07-09,123.15,123.65
2012-07-10,124.33,122.28
2012-07-11,121.91,120.74
2012-07-12,119.11,122.64
2012-07-13,122.5,124.09
2012-07-16,128.2,127.15
2012-07-17,128.13,128.23
2012-07-18,127.5,127.82
2012-07-19,128.3,125.39
2012-07-20,124.61,125.75
2012-07-23,124.05,124.47
2012-07-24,124.5,122.65
2012-07-25,123.38,122.2
2012-07-26,124.97,126.77
2012-07-27,126.93,129.14
2012-07-30,128.85,130.84
2012-07-31,130.43,129.07
2012-08-01,128.5,127.46
2012-08-02,126.8,129.27
2012-08-03,130.36,130.98
2012-08-06,131.0,131.03
2012-08-07,130.83,130.4
2012-08-08,130.78,131.15
2012-08-09,130.88,128.51
2012-08-10,128.19,129.09
2012-08-13,128.64,128.32
2012-08-14,129.12,129.89
2012-08-15,129.18,129.06
2012-08-16,128.7,129.68
2012-08-17,129.99,128.69
2012-08-20,128.61,128.16
2012-08-21,128.71,127.52
2012-08-22,126.87,128.1
2012-08-23,127.93,127.15
2012-08-24,126.59,126.66
2012-08-27,127.29,127.66
2012-08-28,127.86,127.4
2012-08-29,127.55,128.02
2012-08-30,127.1,126.7
2012-08-31,127.51,128.25
2012-09-04,128.36,128.52
2012-09-05,128.86,127.61
2012-09-06,128.18,129.5
2012-09-07,129.51,129.71
2012-09-10,128.42,128.68
2012-09-11,128.88,131.49
2012-09-12,131.65,133.46
2012-09-13,132.95,134.98
2012-09-14,135.25,134.25
2012-09-17,134.46,133.87
2012-09-18,133.09,133.66
2012-09-19,133.87,134.79
2012-09-20,134.29,134.61
2012-09-21,135.3,135.0
2012-09-24,134.11,133.74
2012-09-25,133.84,134.56
2012-09-26,134.14,132.52
2012-09-27,132.71,133.91
2012-09-28,133.98,134.28
2012-10-01,134.87,136.73
2012-10-02,136.59,136.0
2012-10-03,136.65,138.52
2012-10-04,138.8,139.67
2012-10-05,140.74,140.26
2012-10-08,139.0,138.71
2012-10-09,139.17,136.74
2012-10-10,136.63,137.42
2012-10-11,138.2,139.05
2012-10-12,139.37,139.12
2012-10-15,139.36,139.89
2012-10-16,140.2,141.16
2012-10-17,141.16,142.56
2012-10-18,142.36,141.88
2012-10-19,142.31,139.97
2012-10-22,139.81,139.0
2012-10-23,137.95,136.64
2012-10-24,137.5,136.49
2012-10-25,137.83,137.55
2012-10-26,137.83,138.31
2012-10-31,137.6,138.76
2012-11-01,140.82,143.88
2012-11-02,144.06,143.4
2012-11-05,142.75,141.5
2012-11-06,142.48,143.86
2012-11-07,142.54,142.56
2012-11-08,142.15,142.06
2012-11-09,140.92,142.93
2012-11-12,142.02,143.24
2012-11-13,142.6,142.45
2012-11-14,142.6,139.95
2012-11-15,140.0,140.0
2012-11-16,140.02,142.71
2012-11-19,144.0,145.65
2012-11-20,145.54,146.34
2012-11-21,146.22,146.66
2012-11-23,147.3,148.12
2012-11-26,147.61,147.25
2012-11-27,147.12,146.78
2012-11-28,146.03,147.29
2012-11-29,147.93,148.18
2012-11-30,148.32,149.71
2012-12-03,150.0,148.64
2012-12-04,148.98,147.59
2012-12-05,148.51,148.06
2012-12-06,148.45,148.47
2012-12-07,149.12,148.55
2012-12-10,148.75,148.66
2012-12-11,148.4,148.9
2012-12-12,149.69,147.88
2012-12-13,148.11,147.2
2012-12-14,146.88,146.82
2012-12-17,146.97,149.13
2012-12-18,149.01,150.72
2012-12-19,150.8,149.16
2012-12-20,149.88,152.46
2012-12-21,150.97,150.77
2012-12-24,150.23,151.18
2012-12-26,151.28,149.76
2012-12-27,149.69,149.4
2012-12-28,148.46,148.65
2012-12-31,148.35,151.58
2013-01-02,154.16,155.38
2013-01-03,157.11,155.5
2013-01-04,155.6,156.77
2013-01-07,156.94,157.89
2013-01-08,157.65,159.36
2013-01-09,161.4,161.79
2013-01-10,162.0301,160.51
2013-01-11,159.78,161.16
2013-01-14,161.28,160.65
2013-01-15,159.82,160.45
2013-01-16,160.11,160.2
2013-01-17,161.0,159.88
2013-01-18,158.52,158.27
2013-01-22,158.68,159.05
2013-01-23,158.29,159.05
2013-01-24,159.3,159.56
2013-01-25,159.92,159.84
2013-01-28,160.28,156.35
2013-01-29,155.74,156.66
2013-01-30,156.99,155.01
2013-01-31,159.0,157.91
2013-02-01,159.0,158.56
2013-02-04,157.77,156.65
2013-02-05,157.62,159.53
2013-02-06,159.22,160.82
2013-02-07,158.98,157.06
2013-02-08,157.4,157.8
2013-02-11,157.58,156.33
2013-02-12,156.84,156.8
2013-02-13,156.45,154.77
2013-02-14,154.6,155.98
2013-02-15,156.35,157.99
2013-02-19,158.01,157.61
2013-02-20,157.12,155.42
2013-02-21,155.12,157.44
2013-02-22,158.3,159.43
2013-02-25,159.2,155.89
2013-02-26,156.01,157.83
2013-02-27,157.45,159.87
2013-02-28,160.34,158.64
2013-03-01,157.93,158.08
2013-03-04,157.76,159.5
2013-03-05,160.09,160.29
2013-03-06,160.86,161.06
2013-03-07,160.87,160.51
2013-03-08,161.34,160.67
2013-03-11,161.37,161.18
2013-03-12,160.68,159.8
2013-03-13,159.5,159.37
2013-03-14,159.4,160.66
2013-03-15,160.03,158.55
2013-03-18,157.28,158.07
2013-03-19,158.0,156.0
2013-03-20,157.0,159.33
2013-03-21,158.45,157.8
2013-03-22,158.21,160.09
2013-03-25,160.75,164.0
2013-03-26,164.9,167.46
2013-03-27,166.61,168.66
2013-03-28,168.75,169.84
2013-04-01,169.75,167.35
2013-04-02,168.42,167.95
2013-04-03,168.42,164.75
2013-04-04,165.42,166.48
2013-04-05,164.21,165.16
2013-04-08,165.64,166.29
2013-04-09,166.83,164.75
2013-04-10,164.97,166.99
2013-04-11,167.0,167.62
2013-04-12,165.91,165.75
2013-04-15,164.62,161.29
2013-04-16,162.65,164.71
2013-04-17,163.74,162.23
2013-04-18,162.59,161.41
2013-04-19,162.08,163.96
2013-04-22,163.57,163.53
2013-04-23,164.27,165.66
2013-04-24,165.66,167.06
2013-04-25,167.91,168.76
2013-04-26,168.76,167.23
2013-04-29,167.73,167.9
2013-04-30,168.59,168.46
2013-05-01,166.99,166.02
2013-05-02,170.0,175.4
2013-05-03,176.96,179.54
2013-05-06,179.34,178.89
2013-05-07,179.49,179.79
2013-05-08,179.46,179.26
2013-05-09,179.23,178.58
2013-05-10,178.68,178.75
2013-05-13,178.58,178.93
2013-05-14,178.98,180.32
2013-05-15,179.99,181.76
2013-05-16,181.74,179.8
2013-05-17,180.88,184.57
2013-05-20,183.91,181.61
2013-05-21,181.54,181.55
2013-05-22,182.08,180.14
2013-05-23,178.38,178.1
2013-05-24,177.88,180.45
2013-05-28,182.44,180.03
2013-05-29,179.22,178.14
2013-05-30,178.34,181.03
2013-05-31,180.57,178.14
2013-06-03,178.75,180.19
2013-06-04,179.4,180.2
2013-06-05,179.87,177.22
2013-06-06,176.69,179.35
2013-06-07,180.65,179.94
2013-06-10,180.54,182.33
2013-06-11,180.55,179.66
2013-06-12,180.64,179.15
2013-06-13,179.15,182.25
2013-06-14,182.05,180.93
2013-06-17,182.32,182.35
2013-06-18,181.72,184.01
2013-06-19,184.25,182.63
2013-06-20,181.53,178.46
2013-06-21,180.0,179.5
2013-06-24,178.11,178.27
2013-06-25,179.8,180.47
2013-06-26,181.89,182.65
2013-06-27,183.44,184.26
2013-06-28,184.26,182.75
2013-07-01,183.9,185.22
2013-07-02,185.08,185.24
2013-07-03,184.18,187.04
2013-07-05,188.87,190.79
2013-07-08,191.6,188.1
2013-07-09,188.95,187.2
2013-07-10,187.35,186.7
2013-07-11,189.34,189.96
2013-07-12,189.9,190.72
2013-07-15,191.5,190.25
2013-07-16,190.19,189.38
2013-07-17,188.44,189.64
2013-07-18,190.21,191.01
2013-07-19,191.08,189.92
2013-07-22,190.21,191.22
2013-07-23,190.73,188.58
2013-07-24,189.79,186.75
2013-07-25,191.0,194.61
2013-07-26,194.0,193.2
2013-07-29,192.86,191.97
2013-07-30,192.7,191.44
2013-07-31,193.75,177.01
2013-08-01,181.76,179.17
2013-08-02,181.62,184.0
2013-08-05,184.0,184.54
2013-08-06,184.21,182.89
2013-08-07,181.41,181.39
2013-08-08,182.41,180.78
2013-08-09,180.8,179.81
2013-08-12,179.4,179.76
2013-08-13,180.5,179.23
2013-08-14,179.51,178.35
2013-08-15,177.45,173.93
2013-08-16,173.72,173.13
2013-08-19,172.33,174.98
2013-08-20,174.61,173.22
2013-08-21,173.26,178.39
2013-08-22,179.64,178.92
2013-08-23,180.4,179.1
2013-08-26,179.46,175.0
2013-08-27,172.98,174.17
2013-08-28,173.37,175.21
2013-08-29,175.11,175.37
2013-08-30,175.41,174.42
2013-09-03,176.03,177.02
2013-09-04,176.9,176.19
2013-09-05,176.13,176.21
2013-09-06,176.32,176.67
2013-09-09,177.28,178.55
2013-09-10,182.41,184.59
2013-09-11,185.0,186.31
2013-09-12,186.43,185.06
2013-09-13,185.49,189.0
2013-09-16,190.96,189.38
2013-09-17,189.32,191.6
2013-09-18,190.42,193.65
2013-09-19,194.53,194.71
2013-09-20,195.3,198.83
2013-09-23,197.96,196.24
2013-09-24,196.24,193.34
2013-09-25,193.27,191.56
2013-09-26,192.45,193.56
2013-09-27,191.99,193.05
2013-09-30,190.8,191.1
2013-10-01,191.29,193.22
2013-10-02,191.9,191.82
2013-10-03,191.99,188.65
2013-10-04,188.64,190.48
2013-10-07,187.95,186.33
2013-10-08,186.24,182.53
2013-10-09,183.4,183.85
2013-10-10,185.94,189.03
2013-10-11,188.8,192.2
2013-10-14,190.37,193.44
2013-10-15,193.03,191.37
2013-10-16,192.42,195.63
2013-10-17,195.67,198.28
2013-10-18,198.72,200.45
2013-10-21,201.05,200.04
2013-10-22,200.05,199.98
2013-10-23,198.68,198.89
2013-10-24,199.87,202.91
2013-10-25,203.74,203.06
2013-10-28,203.57,203.08
2013-10-29,203.48,204.24
2013-10-30,204.86,203.82
2013-10-31,197.045,196.67
2013-11-01,198.95,199.16
2013-11-04,199.68,196.42
2013-11-05,195.38,197.37
2013-11-06,198.74,199.02
2013-11-07,199.97,196.1
2013-11-08,195.77,198.29
2013-11-11,198.64,199.27
2013-11-12,198.81,198.27
2013-11-13,196.65,199.78
2013-11-14,199.93,200.15
2013-11-15,199.76,202.0
2013-11-18,202.0,199.9
2013-11-19,200.35,197.39
2013-11-20,197.78,198.12
2013-11-21,199.28,201.61
2013-11-22,201.7,202.12
2013-11-25,202.52,201.93
2013-11-26,202.66,203.52
2013-11-27,203.5,203.99
2013-11-29,204.51,203.46
2013-12-02,204.1,205.13
2013-12-03,199.93,201.75
2013-12-04,201.78,202.74
2013-12-05,202.19,201.71
2013-12-06,203.7,201.87
2013-12-09,201.775,201.59
2013-12-10,200.91,199.43
2013-12-11,201.0,205.66
2013-12-12,204.97,203.44
2013-12-13,204.51,207.36
2013-12-16,208.04,207.75
2013-12-17,208.62,213.25
2013-12-18,213.1,215.35
2013-12-19,214.93,216.08
2013-12-20,216.72,215.97
2013-12-23,216.99,218.03
2013-12-24,218.47,218.73
2013-12-26,218.99,220.2
2013-12-27,221.0,219.67
2013-12-30,220.59,220.91
2013-12-31,221.52,222.68
2014-01-02,221.54,221.01
2014-01-03,221.75,221.16
2014-01-06,221.18,219.83
2014-01-07,220.75,221.51
2014-01-08,221.42,222.22
2014-01-09,223.55,221.91
2014-01-10,221.84,221.13
2014-01-13,222.02,218.9
2014-01-14,218.74,222.65
2014-01-15,222.85,223.76
2014-01-16,223.19,221.77
2014-01-17,222.05,232.18
2014-01-21,234.39,231.93
2014-01-22,232.4,232.99
2014-01-23,231.66,228.25
2014-01-24,226.4,221.25
2014-01-27,222.07,216.22
2014-01-28,217.62,220.96
2014-01-29,219.1,217.12
2014-01-30,225.75,220.88
2014-01-31,216.13,215.43
2014-02-03,216.51,213.47
2014-02-04,214.16,214.54
2014-02-05,213.24,215.61
2014-02-06,216.08,219.01
2014-02-07,220.19,221.78
2014-02-10,221.89,220.55
2014-02-11,221.13,222.33
2014-02-12,223.44,224.17
2014-02-13,222.85,224.05
2014-02-14,224.27,226.0
2014-02-18,226.48,226.06
2014-02-19,225.87,223.88
2014-02-20,224.16,223.46
2014-02-21,223.73,223.36
2014-02-24,223.73,226.19
2014-02-25,226.19,227.11
2014-02-26,227.23,226.11
2014-02-27,226.19,226.28
2014-02-28,226.47,225.94
2014-03-03,223.24,221.44
2014-03-04,225.15,225.5
2014-03-05,225.62,222.81
2014-03-06,223.76,223.86
2014-03-07,224.95,225.56
2014-03-10,225.51,225.5
2014-03-11,225.95,227.18
2014-03-12,226.12,226.1
2014-03-13,226.66,220.78
2014-03-14,220.62,220.77
2014-03-17,221.99,223.78
2014-03-18,224.6,226.41
2014-03-19,226.61,223.82
2014-03-20,224.12,221.82
2014-03-21,222.97,223.37
2014-03-24,225.39,220.75
2014-03-25,222.19,218.4
2014-03-26,219.95,215.68
2014-03-27,214.89,215.77
2014-03-28,214.48,212.09
2014-03-31,212.79,215.86
2014-04-01,217.08,214.7
2014-04-02,214.78,214.66
2014-04-03,215.79,215.01
2014-04-04,215.57,207.7
2014-04-07,206.78,203.41
2014-04-08,202.82,202.59
2014-04-09,204.58,207.54
2014-04-10,208.26,201.55
2014-04-11,199.23,196.63
2014-04-14,199.8,201.01
2014-04-15,203.84,204.05
2014-04-16,207.0,209.36
2014-04-17,210.34,207.95
2014-04-21,208.98,209.13
2014-04-22,209.34,209.97
2014-04-23,210.3,208.82
2014-04-24,209.8,209.4
2014-04-25,200.0,198.93
2014-04-28,199.5,201.42
2014-04-29,201.89,202.67
2014-04-30,202.26,202.61
2014-05-01,204.1,206.09
2014-05-02,205.74,204.42
2014-05-05,203.75,207.13
2014-05-06,206.7,205.36
2014-05-07,207.01,208.7
2014-05-08,208.93,210.9
2014-05-09,210.18,210.81
2014-05-12,211.08,211.7
2014-05-13,211.99,212.06
2014-05-14,211.2,209.86
2014-05-15,209.0,207.45
2014-05-16,207.59,209.81
2014-05-19,209.38,210.36
2014-05-20,210.32,207.92
2014-05-21,208.85,210.1
2014-05-22,210.13,209.37
2014-05-23,209.99,212.07
2014-05-27,212.99,214.5
2014-05-28,214.5,213.8
2014-05-29,214.0,214.67
2014-05-30,215.88,214.83
2014-06-02,215.37,213.52
2014-06-03,213.03,211.32
2014-06-04,211.16,211.43
2014-06-05,212.12,212.22
2014-06-06,212.53,213.0
2014-06-09,213.49,212.58
2014-06-10,213.0,214.25
2014-06-11,212.99,212.68
2014-06-12,212.39,211.77
2014-06-13,211.87,211.29
2014-06-16,210.88,210.24
2014-06-17,210.14,210.81
2014-06-18,210.45,211.25
2014-06-19,211.47,210.32
2014-06-20,211.52,209.49
2014-06-23,209.0,209.47
2014-06-24,209.27,207.79
2014-06-25,207.31,209.06
2014-06-26,209.83,208.96
2014-06-27,208.1,209.28
2014-06-30,208.66,210.71
2014-07-01,211.95,214.25
2014-07-02,214.88,214.84
2014-07-03,215.31,216.51
2014-07-07,216.43,216.74
2014-07-08,216.77,215.26
2014-07-09,215.5,216.16
2014-07-10,213.8,215.54
2014-07-11,215.95,217.0
2014-07-14,218.75,221.03
2014-07-15,221.67,221.78
2014-07-16,222.94,222.67
2014-07-17,221.94,217.88
2014-07-18,219.18,220.2
2014-07-21,219.53,219.22
2014-07-22,220.92,221.26
2014-07-23,221.49,221.2
2014-07-24,223.39,222.74
2014-07-25,214.1,214.77
2014-07-28,214.42,214.22
2014-07-29,214.4,213.5
2014-07-30,213.49,214.06
2014-07-31,213.27,211.01
2014-08-01,209.87,211.81
2014-08-04,212.85,212.16
2014-08-05,211.5,210.54
2014-08-06,209.98,210.69
2014-08-07,211.18,209.04
2014-08-08,208.88,210.46
2014-08-11,211.04,210.58
2014-08-12,210.09,210.3
2014-08-13,210.95,211.43
2014-08-14,212.09,212.52
2014-08-15,212.89,210.19
2014-08-18,211.49,214.32
2014-08-19,214.75,215.0
2014-08-20,214.58,216.2
2014-08-21,216.5,215.75
2014-08-22,216.2,216.09
2014-08-25,217.2,216.02
2014-08-26,216.49,216.73
2014-08-27,217.12,217.13
2014-08-28,215.0,214.6
2014-08-29,214.56,212.52
2014-09-02,213.41,214.73
2014-09-03,215.07,214.9
2014-09-04,215.44,214.26
2014-09-05,214.36,214.21
2014-09-08,214.01,215.77
2014-09-09,215.29,214.28
2014-09-10,214.07,216.88
2014-09-11,216.7,214.95
2014-09-12,214.88,214.04
2014-09-15,213.85,214.64
2014-09-16,214.91,217.3
2014-09-17,217.0,215.53
2014-09-18,215.93,216.44
2014-09-19,217.69,216.25
2014-09-22,216.98,213.88
2014-09-23,213.9,212.46
2014-09-24,212.78,214.41
2014-09-25,214.04,210.71
2014-09-26,211.45,211.94
2014-09-29,210.21,210.93
2014-09-30,211.17,213.37
2014-10-01,212.85,210.01
2014-10-02,209.0,209.72
2014-10-03,211.03,211.99
2014-10-06,212.59,211.79
2014-10-07,210.81,208.05
2014-10-08,208.03,212.36
2014-10-09,212.21,207.71
2014-10-10,207.89,204.98
2014-10-13,204.5,204.28
2014-10-14,204.41,202.72
2014-10-15,200.86,200.25
2014-10-16,197.09,203.0
2014-10-17,204.84,206.0
2014-10-20,205.53,207.85
2014-10-21,209.78,213.31
2014-10-22,213.29,210.92
2014-10-23,213.87,214.28
2014-10-24,213.63,213.48
2014-10-27,213.06,213.41
2014-10-28,214.61,216.71
2014-10-29,216.31,214.66
2014-10-30,228.53,236.65
2014-10-31,237.29,241.43
2014-11-03,240.98,241.54
2014-11-04,239.65,242.97
2014-11-05,244.16,249.53
2014-11-06,249.51,250.09
2014-11-07,250.12,252.43
2014-11-10,251.98,250.21
2014-11-11,249.18,249.73
2014-11-12,248.85,251.95
2014-11-13,252.4,250.92
2014-11-14,251.14,248.84
2014-11-17,248.58,249.8
2014-11-18,249.79,249.73
2014-11-19,250.23,249.86
2014-11-20,247.53,251.67
2014-11-21,255.14,254.22
2014-11-24,255.0,254.62
2014-11-25,255.36,257.26
2014-11-26,257.48,257.26
2014-11-28,258.585,258.19
2014-12-01,256.27,258.15
2014-12-02,259.17,260.01
2014-12-03,259.64,261.6
2014-12-04,262.08,261.14
2014-12-05,261.64,263.35
2014-12-08,263.5,263.1
2014-12-09,259.5,264.14
2014-12-10,263.78,261.72
2014-12-11,262.95,263.12
2014-12-12,260.53,256.78
2014-12-15,258.17,256.7
2014-12-16,252.92,253.41
2014-12-17,254.12,259.08
2014-12-18,261.84,264.16
2014-12-19,263.36,261.67
2014-12-22,262.42,264.21
2014-12-23,265.01,265.26
2014-12-24,265.49,267.63
2014-12-26,267.63,266.62
2014-12-29,266.48,265.43
2014-12-30,265.1,264.55
2014-12-31,265.48,262.2
2015-01-02,263.38,265.02
2015-01-05,263.49,259.17
2015-01-06,259.79,257.5
2015-01-07,258.44,260.95
2015-01-08,263.2,264.45
2015-01-09,263.61,260.53
2015-01-12,261.04,260.02
2015-01-13,262.02,260.78
2015-01-14,256.64,255.56
2015-01-15,256.71,253.13
2015-01-16,251.9,254.95
2015-01-20,256.22,256.84
2015-01-21,256.16,257.28
2015-01-22,255.45,257.6
2015-01-23,258.52,258.29
2015-01-26,256.94,256.53
2015-01-27,253.79,250.99
2015-01-28,252.53,246.36
2015-01-29,247.53,248.0
2015-01-30,260.4,254.91
2015-02-02,256.31,255.34
2015-02-03,256.71,259.79
2015-02-04,259.59,264.89
2015-02-05,267.25,271.8
2015-02-06,271.75,267.42
2015-02-09,267.41,265.46
2015-02-10,266.75,264.55
2015-02-11,264.98,265.99
2015-02-12,267.62,270.91
2015-02-13,272.75,269.63
2015-02-17,271.48,270.87
2015-02-18,270.87,269.12
2015-02-19,270.07,269.1
2015-02-20,269.04,273.0
2015-02-23,272.96,273.01
2015-02-24,273.81,272.47
2015-02-25,271.26,273.01
2015-02-26,273.2,273.75
2015-02-27,273.47,271.31
2015-03-02,276.71,278.29
2015-03-03,278.65,275.3
2015-03-04,275.15,273.75
2015-03-05,275.0,274.13
2015-03-06,273.4,269.34
2015-03-09,270.52,271.42
2015-03-10,269.64,265.2
2015-03-11,265.63,264.75
2015-03-12,266.4,269.58
2015-03-13,268.84,265.03
2015-03-16,266.89,269.02
2015-03-17,268.06,264.5
2015-03-18,264.09,267.67
2015-03-19,66.83,66.81
2015-03-20,67.25,67.41
2015-03-23,68.03,67.08
2015-03-24,67.1,67.1
2015-03-25,67.1,65.73
2015-03-26,65.25,65.59
2015-03-27,65.52,65.54
2015-03-30,66.02,65.66
2015-03-31,65.47,65.41
2015-04-01,65.45,65.18
2015-04-02,64.99,65.29
2015-04-06,64.73,65.2
2015-04-07,65.38,65.8
2015-04-08,65.89,66.5
2015-04-09,66.57,66.44
2015-04-10,66.69,66.34
2015-04-13,66.22,65.61
2015-04-14,65.52,65.53
2015-04-15,65.6,65.68
2015-04-16,65.53,65.65
2015-04-17,65.1,64.52
2015-04-20,65.0,64.72
2015-04-21,65.03,65.35
2015-04-22,65.82,68.01
2015-04-23,68.2,67.72
2015-04-24,68.13,67.48
2015-04-27,68.39,67.1
2015-04-28,67.31,66.77
2015-04-29,66.86,67.34
2015-04-30,67.18,66.05
2015-05-01,65.22,65.77
2015-05-04,66.05,65.58
2015-05-05,65.77,65.96
2015-05-06,66.15,65.67
2015-05-07,65.58,66.58
2015-05-08,67.14,69.47
2015-05-11,69.3,69.02
2015-05-12,68.55,68.69
2015-05-13,68.75,68.65
2015-05-14,68.96,70.0
2015-05-15,70.1,69.57
2015-05-18,69.74,70.0
2015-05-19,70.14,70.16
2015-05-20,70.25,69.78
2015-05-21,69.55,69.37
2015-05-22,69.3,69.62
2015-05-26,69.31,68.54
2015-05-27,68.85,69.49
2015-05-28,69.48,69.56
2015-05-29,69.33,68.68
2015-06-01,69.13,69.11
2015-06-02,68.73,69.04
2015-06-03,69.26,68.95
2015-06-04,68.63,68.21
2015-06-05,68.29,68.37
2015-06-08,68.19,67.68
2015-06-09,67.67,67.95
2015-06-10,68.22,69.63
2015-06-11,69.7,69.64
2015-06-12,69.43,69.33
2015-06-15,68.72,68.57
2015-06-16,68.45,69.01
2015-06-17,69.11,68.75
2015-06-18,68.9,69.5
2015-06-19,69.27,68.69
2015-06-22,69.32,69.09
2015-06-23,69.1,69.42
2015-06-24,69.11,68.86
2015-06-25,69.38,68.62
2015-06-26,68.7,68.75
2015-06-29,67.99,66.72
2015-06-30,67.34,67.15
2015-07-01,67.94,67.85
2015-07-02,68.15,68.24
2015-07-06,67.55,68.12
2015-07-07,68.11,67.77
2015-07-08,67.01,66.73
2015-07-09,67.65,67.05
2015-07-10,67.98,68.42
2015-07-13,69.05,69.52
2015-07-14,69.97,70.1
2015-07-15,70.13,70.02
2015-07-16,70.43,70.57
2015-07-17,70.4,70.88
2015-07-20,71.29,72.7
2015-07-21,72.844,72.02
2015-07-22,71.94,71.97
2015-07-23,72.2,71.75
2015-07-24,76.78,74.8
2015-07-27,74.28,73.86
2015-07-28,74.3,74.74
2015-07-29,74.95,76.01
2015-07-30,75.89,76.38
2015-07-31,76.45,75.34
2015-08-03,75.59,75.77
2015-08-04,75.53,75.27
2015-08-05,76.05,74.98
2015-08-06,75.3,73.58
2015-08-07,73.68,74.21
2015-08-10,74.89,74.38
2015-08-11,73.81,73.36
2015-08-12,72.87,73.54
2015-08-13,73.43,73.93
2015-08-14,73.85,74.22
2015-08-17,74.0,74.41
2015-08-18,74.26,74.47
2015-08-19,74.2,74.4
2015-08-20,73.56,73.95
2015-08-21,72.5,71.19
2015-08-24,64.16,68.36
2015-08-25,71.69,66.97
2015-08-26,69.37,70.69
2015-08-27,72.0,72.4
2015-08-28,72.11,72.46
2015-08-31,71.68,71.3
2015-09-01,69.55,68.96
2015-09-02,69.94,69.62
2015-09-03,70.45,70.4
2015-09-04,69.29,69.16
2015-09-08,70.75,70.53
2015-09-09,70.75,69.6
2015-09-10,69.5,70.23
2015-09-11,69.86,70.76
2015-09-14,70.72,70.01
2015-09-15,70.48,70.51
2015-09-16,70.45,70.99
2015-09-17,71.3,70.96
2015-09-18,69.82,69.79
2015-09-21,70.62,70.78
2015-09-22,70.0,70.25
2015-09-23,70.16,70.95
2015-09-24,70.35,70.24
2015-09-25,71.19,70.69
2015-09-28,70.19,67.2
2015-09-29,67.52,68.53
2015-09-30,69.32,69.66
2015-10-01,70.09,69.99
2015-10-02,68.8,70.67
2015-10-05,71.06,72.23
2015-10-06,72.22,72.08
2015-10-07,72.68,73.22
2015-10-08,73.0,73.9
2015-10-09,74.04,73.98
2015-10-12,73.74,74.99
2015-10-13,74.46,75.0
2015-10-14,74.84,74.2
2015-10-15,74.96,75.34
2015-10-16,75.33,76.0
2015-10-19,75.93,76.99
2015-10-20,76.64,76.28
2015-10-21,76.94,75.46
2015-10-22,75.89,76.42
2015-10-23,77.46,77.07
2015-10-26,78.08,78.18
2015-10-27,78.03,77.52
2015-10-28,77.82,78.87
2015-10-29,78.59,78.51
2015-10-30,78.72,77.58
2015-11-02,75.19,75.22
2015-11-03,75.13,77.9
2015-11-04,78.37,78.35
2015-11-05,78.42,79.26
2015-11-06,79.57,78.75
2015-11-09,78.4,78.04
2015-11-10,77.65,79.48
2015-11-11,79.85,79.18
2015-11-12,78.86,78.31
2015-11-13,78.02,78.11
2015-11-16,77.79,78.9
2015-11-17,78.94,78.83
2015-11-18,78.96,80.46
2015-11-19,80.6,80.15
2015-11-20,80.59,80.19
2015-11-23,80.59,80.11
2015-11-24,79.23,79.79
2015-11-25,79.78,79.56
2015-11-27,79.64,79.84
2015-11-30,80.06,79.01
2015-12-01,79.53,79.91
2015-12-02,79.83,79.04
2015-12-03,79.36,78.29
2015-12-04,78.58,80.4
2015-12-07,80.13,79.55
2015-12-08,78.98,79.07
2015-12-09,78.83,77.88
2015-12-10,77.91,78.12
2015-12-11,77.14,76.11
2015-12-14,76.2,76.87
2015-12-15,78.37,78.62
2015-12-16,79.45,79.86
2015-12-17,79.98,78.69
2015-12-18,78.04,76.32
2015-12-21,76.9,77.17
2015-12-22,77.43,77.38
2015-12-23,78.08,78.56
2015-12-24,78.35,78.26
2015-12-28,78.04,78.53
2015-12-29,79.0,79.21
2015-12-30,79.07,78.35
2015-12-31,78.24,77.55
2016-01-04,76.06,75.7
2016-01-05,76.25,76.27
2016-01-06,75.0,75.27
2016-01-07,73.76,73.79
2016-01-08,74.06,72.88
2016-01-11,73.11,73.92
2016-01-12,74.52,74.76
2016-01-13,75.27,73.1
2016-01-14,73.15,73.8
2016-01-15,71.94,71.83
2016-01-19,72.94,71.39
2016-01-20,69.96,70.68
2016-01-21,70.72,71.56
2016-01-22,72.67,72.7
2016-01-25,72.76,71.74
2016-01-26,72.18,71.88
2016-01-27,71.98,70.91
2016-01-28,71.42,69.33
2016-01-29,70.43,74.49
2016-02-01,74.08,74.38
2016-02-02,73.5,73.4
2016-02-03,73.76,74.38
2016-02-04,74.1,73.68
2016-02-05,73.56,71.54
2016-02-08,69.95,67.77
2016-02-09,66.39,68.33
2016-02-10,69.14,70.15
2016-02-11,67.79,68.47
2016-02-12,69.44,70.42
2016-02-16,71.41,71.1
2016-02-17,71.73,72.03
2016-02-18,71.89,71.24
2016-02-19,71.03,71.53
2016-02-22,72.3,73.06
2016-02-23,72.95,72.15
2016-02-24,71.25,71.85
2016-02-25,71.96,73.27
2016-02-26,73.74,72.73
2016-02-29,72.86,72.39
2016-03-01,72.99,74.64
2016-03-02,74.5,74.3
2016-03-03,74.48,73.91
2016-03-04,74.22,73.9
2016-03-07,73.39,71.94
2016-03-08,71.5,70.62
2016-03-09,71.0,70.68
2016-03-10,71.14,70.22
2016-03-11,71.15,71.63
2016-03-14,71.6,71.49
2016-03-15,71.18,71.91
2016-03-16,71.68,72.37
2016-03-17,72.28,73.14
2016-03-18,73.5,73.78
2016-03-21,73.58,73.77
2016-03-22,73.24,72.96
2016-03-23,72.95,73.91
2016-03-24,73.65,74.14
2016-03-28,74.14,74.08
2016-03-29,74.02,75.38
2016-03-30,75.9,76.78
2016-03-31,76.62,76.48
2016-04-01,76.25,77.59
2016-04-04,77.97,77.83
2016-04-05,77.14,76.97
2016-04-06,77.08,78.21
2016-04-07,77.71,77.58
2016-04-08,78.08,78.03
2016-04-11,78.36,77.82
2016-04-12,77.72,78.52
2016-04-13,79.03,79.71
2016-04-14,79.76,80.33
2016-04-15,80.25,80.08
2016-04-18,80.2,81.45
2016-04-19,81.5,80.75
2016-04-20,80.88,81.15
2016-04-21,81.5,80.79
2016-04-22,78.0,79.11
2016-04-25,78.69,78.14
2016-04-26,78.45,78.53
2016-04-27,78.41,78.76
2016-04-28,78.35,77.68
2016-04-29,77.52,77.24
2016-05-02,77.81,78.46
2016-05-03,77.43,77.19
2016-05-04,76.56,77.07
2016-05-05,77.14,77.36
2016-05-06,77.23,77.72
2016-05-09,77.69,78.22
2016-05-10,78.42,79.2
2016-05-11,79.14,77.3
2016-05-12,77.8,77.89
2016-05-13,77.71,76.83
2016-05-16,77.02,77.8
2016-05-17,77.57,76.79
2016-05-18,76.71,77.43
2016-05-19,76.87,76.88
2016-05-20,77.34,77.67
2016-05-23,77.76,77.21
2016-05-24,77.66,79.38
2016-05-25,79.5,79.06
2016-05-26,79.4,79.0
2016-05-27,78.84,79.66
2016-05-31,79.86,78.94
2016-06-01,78.69,79.22
2016-06-02,79.27,79.95
2016-06-03,79.55,79.94
2016-06-06,80.29,80.54
2016-06-07,80.7,80.6
2016-06-08,80.6,81.65
2016-06-09,81.23,81.26
2016-06-10,80.75,80.18
2016-06-13,79.0,78.4
2016-06-14,78.12,78.57
2016-06-15,78.57,78.17
2016-06-16,77.89,78.35
2016-06-17,78.32,76.99
2016-06-20,78.3,77.34
2016-06-21,77.81,77.33
2016-06-22,77.58,76.53
2016-06-23,77.76,78.23
2016-06-24,74.8,75.05
2016-06-27,74.18,73.34
2016-06-28,75.04,75.16
2016-06-29,75.98,76.74
2016-06-30,76.99,74.17
2016-07-01,74.5,74.48
2016-07-05,74.25,74.67
2016-07-06,74.12,74.06
2016-07-07,74.32,74.51
2016-07-08,75.3,76.42
2016-07-11,76.81,76.52
2016-07-12,76.68,77.48
2016-07-13,77.68,77.46
2016-07-14,78.06,78.14
2016-07-15,78.65,78.3
2016-07-18,78.35,78.31
2016-07-19,77.75,78.72
2016-07-20,78.75,79.36
2016-07-21,79.44,78.79
2016-07-22,79.98,79.91
2016-07-25,80.17,78.94
2016-07-26,78.98,78.49
2016-07-27,78.46,78.53
2016-07-28,78.69,79.19
2016-07-29,79.24,78.05
2016-08-01,78.31,78.26
2016-08-02,78.07,78.28
2016-08-03,78.28,78.71
2016-08-04,78.83,79.48
2016-08-05,79.73,80.14
2016-08-08,80.23,79.95
2016-08-09,79.96,80.06
2016-08-10,79.97,79.68
2016-08-11,80.0,80.12
2016-08-12,79.8,80.02
2016-08-15,80.13,80.91
2016-08-16,80.42,80.81
2016-08-17,80.71,80.84
2016-08-18,80.01,80.27
2016-08-19,80.01,80.47
2016-08-22,80.34,81.06
2016-08-23,81.37,80.8
2016-08-24,80.8,80.29
2016-08-25,80.29,80.32
2016-08-26,80.62,80.57
2016-08-29,80.54,80.87
2016-08-30,81.0,81.17
2016-08-31,80.95,80.9
2016-09-01,81.14,81.3
2016-09-02,81.57,82.0
2016-09-06,82.0,82.53
2016-09-07,82.48,83.24
2016-09-08,83.02,82.97
2016-09-09,82.398,81.33
2016-09-12,81.34,82.97
2016-09-13,82.41,81.89
2016-09-14,81.46,81.49
2016-09-15,81.42,82.01
2016-09-16,81.74,82.07
2016-09-19,82.43,82.51
2016-09-20,82.97,82.48
2016-09-21,82.92,83.22
2016-09-22,83.42,83.36
2016-09-23,83.33,82.54
2016-09-26,82.15,81.81
2016-09-27,81.79,82.16
2016-09-28,82.38,82.97
2016-09-29,82.72,81.92
2016-09-30,82.16,82.7
2016-10-03,82.42,82.86
2016-10-04,83.28,82.73
2016-10-05,82.96,83.35
2016-10-06,83.12,83.36
2016-10-07,83.49,82.88
2016-10-10,83.13,83.12
2016-10-11,82.68,82.04
2016-10-12,81.84,82.25
2016-10-13,81.65,81.87
2016-10-14,82.04,82.45
2016-10-17,82.58,82.15
2016-10-18,81.5,81.58
2016-10-19,81.65,82.81
2016-10-20,83.05,82.5
2016-10-21,82.02,82.35
2016-10-24,83.27,83.17
2016-10-25,82.15,82.03
2016-10-26,81.62,81.75
2016-10-27,81.96,81.92
2016-10-28,82.52,82.22
2016-10-31,82.44,82.51
2016-11-01,82.64,81.62
2016-11-02,80.89,80.58
2016-11-03,80.75,80.65
2016-11-04,80.65,80.36
2016-11-07,81.64,82.51
2016-11-08,82.39,82.88
2016-11-09,81.81,83.24
2016-11-10,83.3,81.87
2016-11-11,81.59,81.88
2016-11-14,82.02,78.38
2016-11-15,78.23,78.57
2016-11-16,78.79,80.08
2016-11-17,80.32,81.07
2016-11-18,80.95,80.82
2016-11-21,81.23,81.69
2016-11-22,81.69,79.93
2016-11-23,79.98,79.57
2016-11-25,79.99,80.13
2016-11-28,79.66,79.08
2016-11-29,79.12,79.15
2016-11-30,79.45,77.32
2016-12-01,77.57,75.43
2016-12-02,75.4,75.72
2016-12-05,76.63,77.31
2016-12-06,77.94,77.11
2016-12-07,77.27,79.31
2016-12-08,79.68,79.28
2016-12-09,79.15,79.14
2016-12-12,78.99,78.5
2016-12-13,78.81,79.2
2016-12-14,79.28,79.13
2016-12-15,79.37,79.5
2016-12-16,79.22,78.35
2016-12-19,78.04,78.1
2016-12-20,78.41,78.36
2016-12-21,78.48,78.14
2016-12-22,78.02,77.9
2016-12-23,78.08,78.15
2016-12-27,78.27,78.35
2016-12-28,78.4,78.3
2016-12-29,78.49,78.33
2016-12-30,78.43,78.02
2017-01-03,78.76,79.5
2017-01-04,79.44,80.15
2017-01-05,80.34,81.09
2017-01-06,81.3,82.21
2017-01-09,82.28,81.75
2017-01-10,81.7,81.31
2017-01-11,81.25,81.8
2017-01-12,81.05,81.37
2017-01-13,81.02,81.17
2017-01-17,80.76,81.26
2017-01-18,81.27,81.59
2017-01-19,81.79,81.73
2017-01-20,82.09,81.84
2017-01-23,81.7,82.15
2017-01-24,82.4,83.23
2017-01-25,83.79,83.9
2017-01-26,83.92,83.24
2017-01-27,83.32,83.77
2017-01-30,83.47,83.7
2017-01-31,82.13,82.71
2017-02-01,82.9,82.44
2017-02-02,82.14,82.3
2017-02-03,85.74,86.08
2017-02-06,86.07,85.83
2017-02-07,85.96,85.78
2017-02-08,85.8,85.09
2017-02-09,85.37,85.58
2017-02-10,85.8,85.9
2017-02-13,86.2,86.44
2017-02-14,86.52,86.85
2017-02-15,87.02,87.54
2017-02-16,87.55,87.41
2017-02-17,87.27,87.46
2017-02-21,87.51,87.92
2017-02-22,87.61,87.8
2017-02-23,88.23,88.18
2017-02-24,87.36,88.43
2017-02-27,88.32,88.0
2017-02-28,88.16,87.94
2017-03-01,88.74,88.99
2017-03-02,89.0,88.53
2017-03-03,88.31,88.79
2017-03-06,88.53,88.94
2017-03-07,88.99,89.06
2017-03-08,89.17,88.96
2017-03-09,89.02,89.11
2017-03-10,89.5,89.73
2017-03-13,89.8,90.11
2017-03-14,89.93,89.55
2017-03-15,89.75,89.92
2017-03-16,90.31,90.04
2017-03-17,90.25,90.24
2017-03-20,90.29,89.18
2017-03-21,89.49,88.06
2017-03-22,87.85,88.52
2017-03-23,88.47,88.86
2017-03-24,89.06,89.19
2017-03-27,88.31,88.95
2017-03-28,89.12,89.12
2017-03-29,88.99,89.18
2017-03-30,89.08,89.01
2017-03-31,88.98,88.87
2017-04-03,89.14,89.36
2017-04-04,89.01,88.78
2017-04-05,89.13,89.03
2017-04-06,89.0,89.09
2017-04-07,88.97,88.74
2017-04-10,88.62,88.86
2017-04-11,88.6,88.85
2017-04-12,88.7,88.68
2017-04-13,88.47,88.87
2017-04-17,89.09,89.81
2017-04-18,89.64,89.73
2017-04-19,90.09,89.75
2017-04-20,90.14,91.15
2017-04-21,92.77,91.15
2017-04-24,92.15,91.85
2017-04-25,91.99,92.11
2017-04-26,92.02,91.82
2017-04-27,91.95,91.6
2017-04-28,91.39,91.22
2017-05-01,91.29,91.26
2017-05-02,91.62,92.54
2017-05-03,92.4,92.44
2017-05-04,92.7,92.62
2017-05-05,92.9,92.09
2017-05-08,92.05,91.92
2017-05-09,91.9,92.0
2017-05-10,91.7,92.25
2017-05-11,92.12,92.1
2017-05-12,92.19,92.73
2017-05-15,92.73,93.23
2017-05-16,93.35,93.15
2017-05-17,92.48,91.76
2017-05-18,91.36,91.71
2017-05-19,91.98,92.48
2017-05-22,92.53,93.31
2017-05-23,93.56,93.86
2017-05-24,94.02,94.81
2017-05-25,95.09,95.04
2017-05-26,95.0,94.67
2017-05-30,94.66,94.72
2017-05-31,95.08,95.23
2017-06-01,95.4,95.4
2017-06-02,95.41,96.15
2017-06-05,96.32,96.55
2017-06-06,96.27,95.79
2017-06-07,96.03,96.09
2017-06-08,95.87,96.09
2017-06-09,96.09,94.56
2017-06-12,93.69,93.5
2017-06-13,94.0,95.08
2017-06-14,95.32,95.32
2017-06-15,94.44,94.17
2017-06-16,94.31,94.17
2017-06-19,94.75,94.79
2017-06-20,94.79,94.38
2017-06-21,94.61,94.54
2017-06-22,94.49,93.95
2017-06-23,94.16,95.58
2017-06-26,95.8,95.22
2017-06-27,95.15,94.9
2017-06-28,95.15,96.23
2017-06-29,95.79,94.42
2017-06-30,94.38,93.78
2017-07-03,94.38,93.35
2017-07-05,93.75,94.01
2017-07-06,93.45,93.25
2017-07-07,93.5,93.92
2017-07-10,94.15,95.09
2017-07-11,95.08,95.41
2017-07-12,95.98,96.18
2017-07-13,96.42,95.94
2017-07-14,96.14,96.93
2017-07-17,97.11,96.83
2017-07-18,96.85,97.58
2017-07-19,97.64,98.25
2017-07-20,99.11,98.11
2017-07-21,99.6,99.6
2017-07-24,99.55,100.37
2017-07-25,100.65,99.99
2017-07-26,100.01,100.85
2017-07-27,100.97,99.57
2017-07-28,99.12,99.15
2017-07-31,99.5,99.56
2017-08-01,100.36,100.87
2017-08-02,101.03,101.28
2017-08-03,100.94,100.59
2017-08-04,100.96,100.89
2017-08-07,100.92,101.49
2017-08-08,101.5,101.28
2017-08-09,100.76,100.97
2017-08-10,100.54,99.49
2017-08-11,99.55,100.09
2017-08-14,100.98,101.87
2017-08-15,102.36,102.63
2017-08-16,102.76,103.32
2017-08-17,103.33,102.16
2017-08-18,102.08,102.51
2017-08-21,102.62,103.22
2017-08-22,103.44,104.07
2017-08-23,103.77,103.18
2017-08-24,103.32,103.22
2017-08-25,103.65,103.35
2017-08-28,103.65,103.78
2017-08-29,102.92,103.77
2017-08-30,103.7,103.73
2017-08-31,104.06,103.52
2017-09-01,104.04,103.9
2017-09-05,103.4,103.01
2017-09-06,103.34,103.18
2017-09-07,103.71,104.56
2017-09-08,104.33,104.43
2017-09-11,105.48,106.15
2017-09-12,106.64,106.21
2017-09-13,106.26,105.83
2017-09-14,105.5,106.08
2017-09-15,105.74,105.3
2017-09-18,105.35,104.83
2017-09-19,105.13,105.41
2017-09-20,105.5,104.97
2017-09-21,105.0,105.31
2017-09-22,105.21,105.56
2017-09-25,105.5,103.02
2017-09-26,103.11,102.94
2017-09-27,103.07,103.89
2017-09-28,103.75,104.58
2017-09-29,104.75,105.24
2017-10-02,105.54,105.44
2017-10-03,105.65,105.59
2017-10-04,105.71,105.31
2017-10-05,105.6,106.24
2017-10-06,106.29,106.73
2017-10-09,106.6,107.01
2017-10-10,107.58,107.31
2017-10-11,107.7,108.44
2017-10-12,108.5,108.11
2017-10-13,108.5,108.66
2017-10-16,108.79,108.3
2017-10-17,108.25,107.54
2017-10-18,107.62,107.8
2017-10-19,107.27,107.02
2017-10-20,107.7,107.55
2017-10-23,108.05,107.53
2017-10-24,107.56,108.41
2017-10-25,109.41,109.55
2017-10-26,110.38,109.8
2017-10-27,110.07,109.71
2017-10-30,109.67,110.04
2017-10-31,110.58,109.98
2017-11-01,110.5,111.07
2017-11-02,111.02,110.98
2017-11-03,110.94,111.36
2017-11-06,111.36,111.92
2017-11-07,112.25,112.09
2017-11-08,112.01,112.47
2017-11-09,111.8,112.14
2017-11-10,111.71,111.88
2017-11-13,111.55,111.4
2017-11-14,111.08,111.98
2017-11-15,111.34,110.25
2017-11-16,110.75,111.02
2017-11-17,110.69,109.82
2017-11-20,109.95,109.95
2017-11-21,110.45,111.45
2017-11-22,111.5,110.82
2017-11-24,111.31,111.97
2017-11-27,112.0,112.38
2017-11-28,112.6,113.36
2017-11-29,113.62,109.86
2017-11-30,110.5,112.59
2017-12-01,112.38,110.73
2017-12-04,111.33,107.43
2017-12-05,107.54,108.58
2017-12-06,108.49,109.74
2017-12-07,109.77,111.4
2017-12-08,112.13,112.6
2017-12-11,112.5,112.37
2017-12-12,112.37,113.46
2017-12-13,113.75,113.31
2017-12-14,113.76,112.92
2017-12-15,113.94,113.82
2017-12-18,114.555,113.55
2017-12-19,113.265,112.14
2017-12-20,112.64,112.12
2017-12-21,112.935,112.41
2017-12-22,112.43,112.69
2017-12-26,112.07,112.99
2017-12-27,112.69,114.02
2017-12-28,114.3,114.35
2017-12-29,114.75,114.02
2018-01-02,114.57,114.51
2018-01-03,114.95,115.65
2018-01-04,116.25,116.08
2018-01-05,116.99,118.86
2018-01-08,118.61,119.34
2018-01-09,119.97,119.11
2018-01-10,118.69,118.98
2018-01-11,118.8,119.84
2018-01-12,120.12,120.09
2018-01-16,121.18,120.39
2018-01-17,121.2,121.98
2018-01-18,122.52,123.11
2018-01-19,123.05,122.7
2018-01-22,122.87,124.33
2018-01-23,124.6,124.65
2018-01-24,125.05,124.55
2018-01-25,125.0,125.22
2018-01-26,125.77,126.32
2018-01-29,126.74,124.84
2018-01-30,123.82,123.55
2018-01-31,123.78,124.23
2018-02-01,124.74,125.72
2018-02-02,123.72,120.91
2018-02-05,118.7,116.27
2018-02-06,115.2,119.97
2018-02-07,120.09,119.65
2018-02-08,119.53,113.86
2018-02-09,114.55,116.32
2018-02-12,117.79,118.47
2018-02-13,117.85,118.35
2018-02-14,117.62,120.83
2018-02-15,121.7,122.28
2018-02-16,121.63,121.85
2018-02-20,121.35,122.01
2018-02-21,122.05,120.43
2018-02-22,120.67,120.38
2018-02-23,121.57,122.93
2018-02-26,123.58,124.59
2018-02-27,124.7,123.37
2018-02-28,123.65,122.94
2018-03-01,123.26,120.4
2018-03-02,119.09,120.77
2018-03-05,120.45,121.88
2018-03-06,122.83,121.06
2018-03-07,120.03,121.85
2018-03-08,121.96,122.22
2018-03-09,123.25,124.51
2018-03-12,124.75,124.24
2018-03-13,124.25,123.2
2018-03-14,124.04,122.58
2018-03-15,123.13,123.41
